,Apple,Apple Juice,Bananas,Beef,Broccoli,Butter,Carrots,Cheese - Hard,Cheese - Soft,Chicken,Chicken Egg,Chocolate - Milk,Cow Milk - Semi-Skimmed,Cucumber,Filtered Water,Garlic,Grapes,Ice Cream,Lettuce,Oats,Onions,Orange,Orange Juice (without bits),Peas,Pork,"Potatoes, White","Rice, White",Strawberries,Sugar,Tap Water,Tomatoes,Wheat
0,0.5,1.0,1.0,0.5,0.5,0.0,0.5,0.0,0.0,1.0,1.0,0.0,0.0,0.5,1.0,0.5,0.5,0.0,0.5,0.5,0.5,0.5,0.5,0.5,0.5,0.5,1.0,0.5,0.5,0.5,0.0,0.0
1,0.5,0.5,0.5,0.5,0.0,0.5,0.0,0.5,0.0,0.5,1.0,0.5,0.0,0.0,1.0,0.0,0.0,0.5,0.5,1.0,0.0,0.0,0.0,0.0,0.5,0.5,0.5,0.0,0.0,0.0,0.5,0.0
2,0.0,0.5,0.0,0.5,0.0,0.5,0.0,0.5,0.5,1.0,0.0,0.5,0.5,0.0,1.0,0.0,0.0,0.5,0.0,0.0,0.0,0.0,0.5,0.0,0.5,0.5,0.5,0.0,0.5,1.0,0.0,0.0
3,0.5,0.5,1.0,1.0,0.0,0.5,1.0,0.5,0.5,1.0,0.5,0.5,0.5,0.5,1.0,1.0,0.5,0.5,0.5,0.5,0.5,0.5,0.5,0.5,1.0,1.0,1.0,0.5,1.0,1.0,0.5,0.5
4,0.5,1.0,0.5,0.5,0.5,1.0,0.5,0.5,0.5,0.5,0.5,0.5,0.5,0.5,0.5,0.5,0.5,0.5,0.0,0.5,0.5,0.0,1.0,0.5,0.5,1.0,0.5,0.5,0.5,1.0,0.5,0.0
5,0.5,0.5,0.5,1.0,0.5,0.5,0.5,0.5,0.5,1.0,1.0,0.5,0.5,0.5,1.0,0.0,1.0,0.5,0.5,0.5,0.5,0.5,0.5,0.5,1.0,1.0,1.0,1.0,0.5,1.0,0.5,0.5
6,0.0,0.0,1.0,0.0,0.0,0.0,1.0,0.0,0.0,0.0,1.0,0.0,0.0,1.0,0.0,1.0,0.0,0.0,1.0,0.0,0.0,0.0,0.0,0.0,0.0,0.5,1.0,1.0,1.0,0.0,0.5,0.0
7,1.0,0.0,1.0,0.5,1.0,1.0,1.0,0.0,0.0,1.0,1.0,1.0,0.0,1.0,1.0,1.0,1.0,0.5,1.0,1.0,1.0,0.0,0.0,1.0,1.0,1.0,0.0,1.0,0.0,1.0,1.0,1.0
8,0.0,0.5,0.0,0.0,0.0,1.0,0.0,0.5,0.5,1.0,1.0,0.0,1.0,1.0,0.0,0.5,0.0,0.0,0.5,0.0,0.0,0.0,1.0,0.0,0.0,0.0,1.0,0.0,0.0,1.0,1.0,0.0
9,1.0,1.0,1.0,0.5,1.0,1.0,1.0,1.0,1.0,1.0,1.0,1.0,1.0,1.0,1.0,1.0,1.0,1.0,1.0,1.0,1.0,1.0,1.0,1.0,1.0,1.0,1.0,1.0,1.0,1.0,1.0,0.5
10,0.0,0.0,0.5,0.5,0.5,0.5,0.5,0.0,0.0,0.5,0.5,0.5,0.0,0.5,0.5,0.5,0.5,0.0,0.5,0.5,0.0,0.0,0.0,0.5,0.5,0.5,0.5,0.5,0.5,1.0,0.5,0.0
11,0.0,0.0,1.0,0.5,1.0,1.0,0.5,1.0,1.0,1.0,1.0,1.0,1.0,0.5,1.0,1.0,0.0,0.0,0.0,0.0,1.0,0.0,1.0,0.0,0.0,1.0,1.0,1.0,1.0,1.0,1.0,0.0
12,0.0,0.0,0.0,0.0,0.0,0.0,0.0,0.0,0.0,0.0,0.0,0.0,0.0,0.0,0.0,0.0,0.0,0.0,0.0,0.0,0.0,0.0,0.0,0.0,0.0,0.0,0.0,0.0,0.0,0.0,0.0,0.0
13,0.0,0.5,1.0,0.5,1.0,0.5,0.5,0.5,0.5,1.0,1.0,0.5,0.5,0.5,1.0,0.5,0.5,0.5,0.5,0.5,0.5,0.5,0.5,0.5,0.5,0.5,0.5,1.0,0.5,0.5,0.0,0.5
14,0.5,1.0,1.0,0.5,0.0,1.0,0.5,1.0,1.0,1.0,1.0,1.0,1.0,0.5,1.0,1.0,0.5,0.5,0.5,0.5,0.5,0.0,1.0,0.0,1.0,1.0,0.5,0.0,1.0,1.0,0.5,0.5
15,0.5,0.5,0.5,0.5,0.5,0.5,1.0,1.0,1.0,1.0,0.5,1.0,1.0,1.0,1.0,1.0,0.5,0.5,1.0,0.5,1.0,1.0,0.5,1.0,0.5,1.0,1.0,0.5,1.0,1.0,1.0,0.5
16,0.0,0.0,0.5,1.0,0.5,1.0,1.0,1.0,1.0,1.0,1.0,0.5,1.0,0.5,1.0,0.5,0.5,1.0,0.5,0.0,0.5,0.0,0.5,0.5,1.0,1.0,1.0,0.0,0.5,0.5,0.0,0.5
17,1.0,0.5,1.0,1.0,1.0,1.0,1.0,1.0,1.0,1.0,1.0,1.0,1.0,1.0,1.0,1.0,1.0,1.0,1.0,1.0,1.0,1.0,1.0,1.0,0.5,1.0,1.0,1.0,1.0,1.0,1.0,1.0
18,0.0,0.5,0.5,0.5,0.5,0.5,0.5,0.5,0.5,0.5,1.0,0.0,0.0,0.5,1.0,0.5,1.0,0.5,0.5,0.5,0.5,0.5,0.5,0.5,0.5,0.5,0.5,0.5,0.5,1.0,1.0,0.5
19,1.0,0.5,0.5,0.0,1.0,1.0,1.0,0.5,0.5,1.0,1.0,0.5,0.0,1.0,1.0,1.0,1.0,0.0,1.0,0.5,1.0,1.0,0.5,0.5,0.5,1.0,1.0,0.5,0.5,1.0,1.0,0.0
20,1.0,1.0,1.0,1.0,0.5,1.0,1.0,0.5,0.0,1.0,1.0,0.5,0.5,1.0,1.0,1.0,0.0,1.0,0.5,0.0,0.0,1.0,1.0,0.5,0.5,1.0,1.0,0.5,0.5,0.5,0.0,0.5
21,1.0,1.0,1.0,0.5,1.0,0.5,1.0,1.0,1.0,1.0,1.0,1.0,0.5,0.0,1.0,0.5,1.0,0.5,1.0,1.0,0.5,1.0,0.0,1.0,1.0,1.0,1.0,1.0,1.0,1.0,1.0,1.0
22,1.0,1.0,1.0,1.0,1.0,1.0,1.0,1.0,1.0,1.0,1.0,1.0,1.0,1.0,1.0,1.0,1.0,1.0,1.0,1.0,1.0,1.0,1.0,1.0,1.0,1.0,1.0,1.0,1.0,1.0,1.0,1.0
23,0.5,1.0,1.0,0.5,1.0,0.5,1.0,0.0,0.0,0.5,1.0,0.0,0.0,1.0,1.0,0.5,0.5,0.0,1.0,1.0,0.5,0.5,1.0,1.0,0.0,1.0,0.5,1.0,0.0,1.0,0.5,0.0
24,0.5,0.5,1.0,0.5,0.5,0.5,1.0,0.0,0.5,1.0,1.0,0.5,0.5,0.5,1.0,0.5,0.5,0.5,0.5,0.5,0.5,0.5,0.5,0.5,0.0,1.0,1.0,0.5,0.5,0.5,0.5,0.5
25,0.5,0.5,0.5,0.5,0.5,0.5,0.5,0.0,0.0,0.5,0.5,0.5,0.0,0.5,1.0,0.5,0.5,0.5,0.0,0.0,0.0,0.5,0.5,0.5,0.5,0.5,0.0,0.5,0.5,1.0,0.5,0.0
26,0.5,0.0,1.0,0.5,0.0,0.0,0.5,0.0,0.0,1.0,1.0,0.0,0.0,0.0,1.0,0.0,0.0,0.0,0.5,0.0,0.0,0.0,0.0,0.5,1.0,0.5,1.0,0.0,0.5,1.0,0.5,0.0
27,0.5,0.0,0.0,0.0,0.5,0.5,0.5,0.0,0.5,0.5,0.0,0.5,0.5,0.5,0.5,0.0,0.0,0.5,0.5,0.5,0.0,0.0,0.5,0.5,0.5,0.5,0.5,0.5,0.5,0.5,0.0,0.5
28,0.0,0.5,0.5,0.5,0.5,0.5,0.5,0.5,0.0,1.0,0.5,0.5,0.0,0.5,0.0,0.5,0.5,0.0,0.0,0.5,0.5,0.0,0.0,0.5,0.0,0.5,0.5,0.0,0.5,0.5,0.5,0.0
29,1.0,1.0,1.0,0.5,1.0,1.0,1.0,0.0,1.0,1.0,0.5,0.0,1.0,1.0,1.0,1.0,0.5,1.0,0.5,0.5,1.0,0.5,0.5,0.5,0.5,0.5,1.0,0.0,1.0,0.0,0.0,0.0
30,0.5,0.5,0.5,0.5,0.5,0.5,0.5,0.5,0.5,1.0,1.0,0.5,0.5,0.5,1.0,0.5,0.5,0.5,0.5,0.5,0.5,0.5,0.5,0.5,0.5,0.5,0.5,0.5,0.5,1.0,0.5,0.5
31,0.5,1.0,1.0,0.5,0.5,1.0,0.5,1.0,1.0,1.0,1.0,1.0,0.5,1.0,1.0,0.5,0.5,1.0,0.5,0.5,0.5,0.5,1.0,0.5,1.0,0.5,0.5,1.0,0.5,0.5,0.5,0.5
32,0.5,0.5,0.5,0.5,0.0,0.5,0.5,0.5,0.5,0.5,0.5,0.5,0.5,0.5,1.0,0.0,0.5,0.5,0.0,0.5,0.0,0.5,0.5,0.5,0.5,0.5,0.5,0.5,0.5,0.5,0.0,0.5
33,1.0,0.5,1.0,0.0,0.5,0.5,0.5,0.5,0.5,1.0,0.0,0.5,0.0,0.5,1.0,0.0,0.5,0.5,0.5,0.0,0.0,0.0,0.0,0.5,0.5,1.0,1.0,0.5,0.5,1.0,0.5,0.5
34,0.5,1.0,0.5,0.5,0.5,0.5,1.0,0.0,0.0,1.0,1.0,0.0,0.0,0.5,1.0,1.0,0.0,0.0,0.5,0.5,0.5,0.0,1.0,0.5,0.5,1.0,1.0,0.0,1.0,1.0,0.5,0.5
35,0.0,0.5,0.5,0.0,0.0,0.5,0.5,0.5,0.5,0.5,1.0,0.5,0.0,0.5,1.0,0.5,0.0,0.0,0.0,0.5,0.5,0.0,0.0,0.5,0.0,1.0,0.5,0.0,0.0,1.0,0.5,0.5
36,0.5,0.5,1.0,0.5,0.5,0.5,1.0,0.5,0.5,1.0,1.0,0.5,0.5,0.5,1.0,1.0,1.0,1.0,0.5,0.5,1.0,0.5,0.5,0.5,0.5,1.0,1.0,0.5,0.5,1.0,0.5,0.5
37,0.0,0.0,0.0,0.5,0.0,1.0,0.0,1.0,1.0,1.0,1.0,1.0,1.0,0.0,1.0,1.0,0.0,1.0,0.0,0.0,0.5,0.0,0.0,0.0,0.5,1.0,1.0,0.0,1.0,1.0,0.5,0.0
38,1.0,1.0,1.0,0.5,0.5,1.0,1.0,0.5,0.5,1.0,0.5,0.5,1.0,0.5,1.0,0.5,0.5,0.5,0.5,1.0,0.5,0.5,0.5,0.5,0.5,1.0,1.0,0.5,0.5,1.0,0.5,0.5
39,1.0,1.0,1.0,1.0,0.5,1.0,1.0,1.0,1.0,1.0,1.0,1.0,1.0,1.0,1.0,1.0,1.0,1.0,1.0,0.5,0.5,1.0,1.0,1.0,1.0,1.0,1.0,1.0,1.0,1.0,1.0,1.0
40,0.5,0.0,0.5,0.5,0.5,0.5,0.5,0.5,0.5,0.5,0.5,0.5,0.5,0.5,1.0,0.0,0.5,0.5,0.0,0.5,0.5,0.5,0.0,0.5,0.5,0.5,0.5,0.5,0.5,0.5,0.5,0.5
41,0.0,0.0,1.0,0.5,0.5,0.0,1.0,0.0,0.0,1.0,0.5,0.0,0.0,1.0,1.0,1.0,0.5,0.0,1.0,1.0,0.0,0.0,0.0,0.0,0.5,1.0,1.0,0.0,0.0,1.0,1.0,1.0
42,1.0,0.5,1.0,1.0,0.5,1.0,1.0,1.0,1.0,1.0,1.0,0.5,1.0,1.0,1.0,1.0,0.5,1.0,1.0,1.0,0.0,1.0,1.0,1.0,1.0,1.0,1.0,1.0,1.0,1.0,1.0,1.0
43,0.5,0.0,0.5,0.5,0.0,0.5,0.5,0.5,0.5,0.5,0.5,0.5,0.5,0.5,0.5,0.5,0.5,0.5,0.5,0.5,0.5,0.0,0.0,0.5,0.5,0.5,1.0,0.0,1.0,0.5,0.5,0.5
44,0.5,0.0,1.0,0.5,0.5,1.0,0.5,0.5,0.5,1.0,0.0,0.5,1.0,0.5,1.0,0.5,0.5,0.5,0.5,1.0,0.5,0.0,0.0,0.5,0.5,1.0,0.5,0.0,0.5,1.0,0.5,0.5
45,0.5,0.5,0.5,0.5,0.0,0.5,0.5,0.5,0.5,0.5,0.5,0.5,0.0,0.5,1.0,0.5,0.5,0.5,0.5,0.0,0.5,0.5,0.5,0.5,0.5,0.5,0.5,0.5,0.5,0.5,0.5,0.0
46,0.0,0.0,0.5,1.0,0.0,1.0,0.0,1.0,1.0,1.0,1.0,1.0,1.0,0.0,1.0,0.0,0.0,1.0,0.0,0.0,0.0,0.0,1.0,0.5,1.0,1.0,1.0,0.0,1.0,1.0,0.0,0.5
47,0.0,0.5,0.5,0.5,0.5,1.0,0.0,0.5,0.5,1.0,1.0,0.0,1.0,0.0,1.0,0.5,0.0,1.0,0.0,0.0,0.5,0.0,0.5,0.0,0.5,1.0,0.5,0.0,0.5,1.0,0.5,0.5
48,0.5,0.5,0.5,1.0,0.0,0.5,0.5,0.5,0.5,1.0,0.5,0.5,0.5,0.5,1.0,0.5,0.5,0.5,0.5,0.5,0.5,0.5,0.5,0.5,1.0,0.5,0.5,0.5,0.5,1.0,0.5,0.5
49,0.0,0.0,0.5,0.5,0.0,0.5,1.0,0.5,0.5,1.0,0.5,0.5,0.5,0.5,1.0,0.0,0.0,0.5,0.5,0.5,0.5,0.0,0.0,0.0,0.5,0.5,0.5,0.5,0.5,1.0,0.5,0.5
50,1.0,1.0,1.0,1.0,1.0,1.0,1.0,1.0,1.0,1.0,1.0,1.0,1.0,1.0,1.0,1.0,1.0,1.0,0.0,1.0,1.0,0.0,1.0,0.5,1.0,1.0,1.0,1.0,0.5,1.0,1.0,1.0
51,0.5,0.5,0.5,0.5,0.5,0.5,0.5,0.5,0.5,0.5,0.5,0.5,0.5,0.5,0.5,0.5,0.5,0.5,0.5,0.5,0.5,0.5,0.5,0.5,0.5,0.5,0.5,0.5,0.5,0.5,0.5,0.5
52,0.5,0.5,0.5,0.0,0.0,1.0,0.0,1.0,1.0,0.5,1.0,0.5,1.0,1.0,1.0,0.5,0.0,1.0,0.5,0.5,0.5,0.5,1.0,0.5,0.0,1.0,1.0,0.0,1.0,1.0,0.0,0.5
53,0.5,0.0,0.5,0.5,0.5,0.5,0.5,0.5,0.5,0.5,0.5,0.5,0.5,0.5,0.5,0.5,0.5,0.5,0.5,0.5,0.5,0.5,0.0,0.5,0.5,0.5,0.5,0.5,0.5,0.5,0.5,0.5
54,0.5,1.0,0.5,0.5,0.5,0.5,0.5,0.5,0.5,1.0,0.0,0.5,0.5,0.5,1.0,0.0,0.5,0.5,0.5,0.5,0.5,0.5,0.5,0.5,0.5,1.0,0.5,0.5,0.5,1.0,0.5,0.5
55,0.5,0.5,0.5,0.5,0.5,0.5,0.5,0.5,0.5,0.5,0.5,0.5,0.5,0.5,0.5,0.5,0.0,0.5,0.0,0.5,0.5,0.5,0.0,0.5,0.5,0.5,0.5,0.5,0.5,0.0,0.0,0.5
56,1.0,0.0,1.0,0.0,1.0,0.0,1.0,0.0,0.0,0.0,1.0,0.0,0.0,1.0,1.0,1.0,1.0,0.0,1.0,1.0,1.0,0.5,0.0,1.0,0.0,1.0,0.0,1.0,0.0,1.0,1.0,0.0
57,0.5,0.5,0.5,0.5,0.5,1.0,1.0,0.5,0.5,1.0,1.0,0.5,1.0,1.0,1.0,0.5,0.5,0.5,0.5,0.5,0.0,0.5,0.5,0.5,0.5,1.0,1.0,0.5,0.5,1.0,0.5,0.5
58,1.0,0.5,1.0,1.0,0.0,1.0,1.0,1.0,0.5,1.0,0.5,1.0,1.0,1.0,1.0,1.0,1.0,1.0,1.0,0.5,1.0,1.0,0.5,1.0,1.0,1.0,1.0,1.0,1.0,1.0,1.0,0.5
59,1.0,1.0,1.0,0.5,0.5,1.0,1.0,1.0,1.0,1.0,1.0,1.0,0.5,1.0,1.0,0.0,1.0,0.0,1.0,1.0,0.5,1.0,1.0,1.0,0.5,1.0,1.0,1.0,1.0,1.0,1.0,1.0
60,0.5,0.5,1.0,0.0,1.0,1.0,1.0,0.5,0.0,1.0,1.0,0.0,0.0,0.5,1.0,1.0,0.0,0.0,0.5,1.0,1.0,0.5,0.5,0.0,0.5,1.0,1.0,0.5,0.0,0.0,0.5,0.0
61,0.0,0.0,0.5,0.5,0.5,0.0,1.0,0.5,0.0,0.5,0.5,0.0,0.5,0.5,0.5,0.0,0.5,0.0,0.5,0.0,0.0,0.0,0.0,0.5,0.5,1.0,0.5,0.5,0.0,1.0,0.5,0.5
62,0.5,0.5,0.5,0.5,0.5,0.5,0.5,0.5,0.5,0.5,0.5,0.5,0.5,0.5,0.5,0.5,0.5,0.5,0.5,0.5,0.5,0.5,0.5,0.5,0.5,0.5,0.5,0.5,0.5,0.5,0.5,0.5
63,0.5,0.5,0.5,0.5,0.5,0.5,0.5,0.5,0.5,0.5,0.5,0.5,0.5,0.5,1.0,0.5,0.5,0.5,0.5,0.5,0.5,0.5,0.5,0.5,0.5,0.5,0.5,0.5,0.5,1.0,0.5,0.5
64,1.0,0.5,0.5,0.0,0.5,0.5,1.0,0.5,1.0,1.0,1.0,0.5,1.0,1.0,1.0,1.0,0.0,0.5,1.0,0.5,0.0,0.5,0.5,0.0,0.5,1.0,1.0,0.5,0.0,0.5,0.0,0.5
65,0.5,0.5,1.0,0.5,1.0,1.0,1.0,0.5,0.5,1.0,0.5,0.5,1.0,1.0,1.0,0.5,1.0,0.5,1.0,0.5,0.5,0.5,0.5,1.0,0.0,1.0,1.0,1.0,0.5,0.0,0.0,0.5
66,0.5,0.5,0.5,1.0,0.5,0.5,0.5,0.5,0.5,1.0,1.0,0.5,1.0,0.5,0.5,0.5,0.5,0.0,0.5,0.5,0.5,0.5,0.5,0.5,1.0,0.5,0.5,0.5,0.5,0.5,0.5,0.5
67,0.5,0.5,1.0,0.5,0.5,0.5,0.5,0.5,0.5,0.5,0.5,0.5,0.5,0.5,1.0,1.0,0.5,0.5,0.5,0.5,0.5,0.5,0.5,0.5,0.5,1.0,0.5,0.5,1.0,1.0,0.5,0.5
68,0.5,0.0,0.5,0.5,0.5,0.5,0.5,0.5,0.5,0.5,0.5,0.5,0.5,0.0,0.5,0.5,0.0,0.0,0.5,0.5,0.5,0.5,0.0,0.5,0.5,0.5,0.5,0.5,0.5,0.5,0.5,0.5
69,0.5,0.5,0.5,0.5,0.5,0.5,1.0,0.5,0.5,1.0,0.5,0.5,0.0,0.5,1.0,1.0,0.5,0.5,0.5,0.5,0.5,0.5,0.5,0.5,0.5,1.0,1.0,0.5,0.5,1.0,0.5,0.0
70,0.5,0.5,0.5,0.5,0.5,0.5,0.5,0.5,0.5,0.5,0.5,0.5,0.5,0.5,1.0,0.5,0.5,0.5,0.5,0.5,0.5,0.5,0.5,0.5,0.5,0.5,0.5,0.5,1.0,1.0,0.5,0.5
71,0.5,1.0,1.0,1.0,0.5,1.0,0.5,0.5,0.5,1.0,1.0,0.5,0.5,0.5,1.0,0.5,0.0,1.0,0.5,0.0,0.0,0.5,0.5,0.5,1.0,1.0,0.5,0.5,0.5,0.0,0.5,0.0
72,0.5,0.5,1.0,1.0,0.0,1.0,0.0,1.0,1.0,1.0,1.0,1.0,1.0,0.0,1.0,1.0,0.5,1.0,0.0,1.0,0.0,0.5,0.5,0.0,1.0,1.0,1.0,0.0,1.0,1.0,1.0,1.0
73,0.5,0.5,0.5,1.0,0.0,0.5,0.5,0.5,0.5,0.5,0.5,0.5,0.0,0.5,0.5,0.5,0.5,0.5,0.5,0.5,0.5,0.5,0.5,0.5,0.5,0.5,1.0,0.5,0.5,1.0,0.5,0.5
74,0.0,0.0,0.5,0.5,0.5,0.5,0.5,0.5,0.5,0.5,0.5,0.0,0.5,0.5,1.0,0.5,0.5,0.5,0.5,0.0,0.5,0.5,0.0,0.5,0.5,0.5,0.5,0.0,0.5,1.0,0.5,0.5
75,0.5,0.5,1.0,0.5,0.5,0.5,0.5,0.5,0.5,0.5,1.0,0.5,0.0,0.5,0.5,0.5,1.0,0.5,0.5,1.0,0.5,0.0,0.5,0.5,0.0,0.5,0.5,0.5,0.5,0.5,0.5,0.0
76,0.5,1.0,1.0,0.5,1.0,1.0,1.0,0.5,0.5,1.0,0.5,0.5,0.5,1.0,1.0,1.0,0.5,1.0,1.0,0.5,0.5,1.0,0.5,0.5,0.5,1.0,1.0,1.0,0.5,1.0,1.0,0.5
77,0.5,0.0,0.0,0.5,0.0,0.5,0.5,0.5,0.5,1.0,0.5,0.5,0.5,0.0,1.0,0.0,0.0,0.5,0.0,0.0,0.0,0.0,0.0,0.0,0.0,0.5,0.5,0.0,1.0,1.0,0.5,0.0
78,1.0,1.0,1.0,0.5,1.0,0.5,1.0,0.5,0.5,0.5,0.5,0.5,0.0,1.0,1.0,1.0,1.0,0.0,1.0,0.5,1.0,1.0,1.0,1.0,0.5,0.5,1.0,1.0,0.5,0.5,1.0,0.0
79,0.0,0.0,0.5,0.5,0.5,0.5,0.0,0.5,0.5,0.5,0.5,0.5,0.5,0.5,1.0,0.5,0.0,0.0,0.5,0.5,0.0,0.0,0.0,0.0,0.5,1.0,0.5,0.5,0.5,0.5,0.5,0.5
80,0.5,0.5,0.5,1.0,0.5,0.0,0.5,0.5,0.5,1.0,0.5,0.5,0.0,0.5,0.5,0.5,0.0,0.0,0.5,0.5,0.5,0.0,0.5,0.5,0.5,0.5,0.0,0.5,0.0,0.5,0.5,0.0
81,0.5,0.0,0.5,0.5,0.0,0.0,0.5,0.0,0.0,0.5,0.5,0.0,0.0,0.5,0.5,0.5,0.5,0.0,0.5,0.0,0.5,0.5,0.0,0.5,0.0,0.5,0.5,0.0,0.0,1.0,0.5,0.0
82,0.5,0.5,0.5,0.5,0.5,0.5,0.5,0.5,0.5,1.0,0.5,0.5,0.0,0.5,0.5,0.5,0.5,0.0,0.5,0.5,0.5,0.5,0.0,0.0,0.0,0.5,0.0,0.5,0.5,1.0,0.5,0.0
83,0.5,0.5,0.5,0.5,0.5,0.5,0.5,0.5,0.5,1.0,0.5,0.5,1.0,0.5,0.5,0.5,0.5,0.5,0.5,0.5,0.5,0.5,0.5,0.5,0.5,0.5,0.5,0.5,1.0,0.5,0.5,0.5
84,1.0,0.5,1.0,1.0,0.5,0.5,0.5,0.5,0.5,1.0,1.0,0.5,0.5,0.5,1.0,0.0,0.5,0.5,0.0,0.5,0.5,0.5,0.5,1.0,0.0,0.5,0.5,0.0,0.5,1.0,0.5,0.5
85,0.0,0.0,1.0,0.5,0.0,0.5,0.0,0.0,0.0,1.0,1.0,0.0,0.0,0.5,0.5,0.5,0.0,0.0,0.5,0.0,0.0,0.0,0.0,0.0,0.5,0.5,0.5,0.5,0.0,1.0,0.0,0.0
86,0.5,0.0,1.0,1.0,1.0,1.0,1.0,0.5,0.5,1.0,0.5,0.5,0.5,1.0,1.0,1.0,0.5,0.0,1.0,0.0,1.0,0.5,0.0,0.0,1.0,0.0,0.5,1.0,0.0,1.0,0.5,0.0
87,0.5,0.0,0.5,1.0,0.0,1.0,0.5,0.5,1.0,1.0,0.5,0.5,0.0,1.0,1.0,1.0,0.5,1.0,0.5,0.0,0.5,0.5,0.5,0.0,1.0,1.0,0.5,0.0,1.0,1.0,0.5,0.0
88,0.5,1.0,1.0,1.0,0.0,0.5,1.0,0.5,0.5,1.0,1.0,0.0,0.0,0.0,1.0,0.5,0.0,0.5,0.0,0.0,1.0,0.0,0.0,0.0,1.0,1.0,0.5,1.0,0.5,0.0,0.5,0.0
89,1.0,0.5,1.0,0.5,1.0,0.5,1.0,1.0,1.0,1.0,1.0,1.0,1.0,1.0,1.0,1.0,1.0,1.0,1.0,1.0,0.5,1.0,0.5,1.0,0.5,1.0,1.0,1.0,1.0,1.0,0.5,0.0
90,0.5,0.5,1.0,1.0,0.5,1.0,1.0,1.0,1.0,1.0,1.0,1.0,1.0,1.0,1.0,1.0,0.0,0.5,1.0,0.5,0.5,0.0,0.5,0.5,1.0,1.0,1.0,1.0,0.5,0.0,0.5,1.0
91,0.5,0.0,0.0,1.0,0.0,1.0,1.0,1.0,1.0,1.0,1.0,0.5,1.0,0.5,1.0,0.5,0.5,1.0,0.5,0.5,0.0,0.0,0.0,1.0,1.0,0.0,1.0,1.0,1.0,1.0,0.0,0.0
92,0.5,0.5,1.0,0.0,0.5,0.0,0.5,0.0,0.0,0.0,0.0,0.0,0.0,1.0,1.0,1.0,1.0,0.0,0.5,1.0,0.5,0.5,0.5,0.5,0.0,0.5,1.0,1.0,0.0,1.0,0.5,0.5
93,0.5,0.5,0.5,0.5,0.5,0.5,1.0,0.5,0.5,1.0,1.0,0.5,0.5,0.5,1.0,0.5,0.5,0.5,0.5,0.5,0.5,0.5,0.5,0.5,0.5,1.0,1.0,1.0,1.0,0.5,0.5,0.5
94,0.0,0.0,0.0,0.0,0.0,0.5,0.0,0.5,0.0,1.0,1.0,0.5,0.5,0.0,0.0,0.0,0.0,0.5,0.0,0.0,0.0,0.0,0.0,0.0,0.5,1.0,0.5,0.0,0.5,1.0,0.0,0.0
95,0.0,0.0,0.5,0.5,0.5,0.5,0.5,0.5,0.5,1.0,1.0,0.5,1.0,0.0,1.0,0.0,0.0,0.5,0.0,0.0,0.0,0.0,0.5,0.5,0.5,1.0,0.0,0.0,0.0,0.0,0.0,0.0
96,1.0,1.0,0.5,1.0,1.0,1.0,1.0,0.5,0.5,1.0,0.5,1.0,0.5,1.0,1.0,1.0,1.0,0.5,1.0,0.5,1.0,1.0,0.5,0.5,1.0,1.0,1.0,1.0,1.0,0.5,1.0,0.5
97,1.0,1.0,1.0,0.5,0.5,1.0,1.0,1.0,1.0,1.0,1.0,1.0,1.0,1.0,1.0,1.0,1.0,1.0,1.0,1.0,1.0,1.0,1.0,1.0,0.5,1.0,1.0,1.0,1.0,1.0,1.0,1.0
98,0.5,0.5,0.5,1.0,0.5,0.5,0.5,0.5,0.5,1.0,0.5,0.5,0.5,0.5,1.0,0.0,0.5,0.5,0.5,0.5,0.0,0.5,0.5,0.5,0.5,0.5,0.5,0.5,0.5,0.5,0.5,0.5
99,0.0,0.0,0.5,1.0,0.0,0.0,0.5,0.0,0.0,1.0,0.5,0.0,0.0,0.5,1.0,0.0,0.0,0.0,0.0,0.5,0.0,0.5,0.5,0.0,1.0,0.5,1.0,0.5,0.5,1.0,0.5,0.0
100,1.0,0.5,1.0,0.5,1.0,0.5,1.0,0.5,0.5,1.0,0.5,0.5,0.5,1.0,1.0,1.0,1.0,0.5,1.0,1.0,1.0,1.0,0.5,0.5,0.5,1.0,0.5,1.0,0.5,1.0,0.5,0.5
101,1.0,0.5,1.0,0.5,0.5,1.0,1.0,1.0,1.0,1.0,1.0,1.0,1.0,0.5,1.0,1.0,0.5,0.5,0.5,0.5,1.0,0.5,0.5,0.5,0.5,1.0,1.0,1.0,0.5,1.0,0.5,0.5
102,0.5,0.5,0.5,1.0,1.0,1.0,1.0,1.0,1.0,1.0,1.0,1.0,1.0,1.0,1.0,1.0,1.0,1.0,1.0,1.0,1.0,0.5,1.0,0.5,1.0,1.0,1.0,1.0,1.0,1.0,1.0,1.0
103,0.5,1.0,1.0,0.5,0.5,0.0,1.0,0.0,0.0,1.0,1.0,0.0,0.0,1.0,1.0,0.5,0.0,0.0,1.0,0.5,0.0,0.5,1.0,0.5,0.0,1.0,1.0,0.0,0.5,0.0,1.0,0.5
104,1.0,0.0,1.0,1.0,1.0,0.0,1.0,1.0,0.0,1.0,1.0,1.0,1.0,1.0,1.0,1.0,1.0,1.0,1.0,1.0,1.0,1.0,1.0,1.0,1.0,1.0,1.0,1.0,1.0,1.0,1.0,1.0
105,1.0,1.0,0.5,1.0,1.0,0.5,1.0,0.5,0.5,1.0,1.0,0.5,0.5,1.0,1.0,0.5,1.0,0.5,0.5,0.5,0.5,0.5,0.5,0.5,0.5,1.0,0.5,1.0,0.0,1.0,0.5,0.5
106,0.0,0.0,0.0,0.5,0.0,0.0,0.0,0.0,0.0,0.5,0.0,0.0,0.0,0.0,0.0,0.0,0.0,0.0,0.0,0.0,0.0,0.0,0.0,0.0,0.5,0.0,0.0,0.0,0.0,0.0,0.0,0.0
107,1.0,1.0,1.0,1.0,1.0,1.0,1.0,0.5,0.5,1.0,1.0,1.0,1.0,0.5,1.0,1.0,1.0,1.0,1.0,1.0,1.0,1.0,1.0,1.0,1.0,1.0,1.0,1.0,1.0,1.0,1.0,0.5
108,0.0,0.5,0.5,0.0,0.0,0.5,0.0,0.0,0.0,1.0,0.0,0.0,0.0,0.0,0.5,0.0,0.0,0.0,0.0,0.0,0.0,0.0,0.5,0.0,0.0,0.0,1.0,0.0,0.0,0.0,0.0,0.0
109,0.0,0.0,1.0,0.5,0.0,1.0,1.0,1.0,1.0,1.0,0.5,1.0,0.0,1.0,1.0,0.0,0.0,0.5,0.5,0.5,0.0,0.0,0.0,0.5,0.5,1.0,1.0,1.0,1.0,0.0,0.5,0.0
110,0.0,0.0,0.5,1.0,0.0,0.5,0.5,0.5,0.0,1.0,1.0,0.5,0.5,0.5,0.0,0.0,0.5,1.0,0.5,0.0,0.0,0.0,0.0,0.5,0.5,0.5,1.0,1.0,0.0,1.0,0.5,0.0
111,0.5,0.5,0.5,0.5,0.5,1.0,1.0,1.0,0.5,1.0,0.5,1.0,1.0,0.5,1.0,0.5,0.5,1.0,0.5,0.5,0.5,0.5,0.5,0.5,0.5,1.0,1.0,0.5,1.0,1.0,0.5,0.5
112,0.0,0.0,0.0,0.5,0.0,1.0,0.0,0.5,1.0,1.0,1.0,0.5,1.0,0.0,1.0,0.0,1.0,0.5,1.0,1.0,1.0,0.0,0.0,1.0,0.5,1.0,1.0,1.0,0.0,1.0,1.0,1.0
113,0.5,0.5,0.5,1.0,1.0,1.0,0.5,0.5,0.5,1.0,0.5,0.5,0.5,1.0,0.5,1.0,0.5,0.5,0.5,0.5,0.5,0.5,0.5,0.5,1.0,0.5,1.0,0.5,0.5,0.5,0.5,0.5
114,0.5,0.5,0.5,0.5,0.0,0.5,1.0,0.5,0.5,0.5,0.5,0.5,0.5,1.0,1.0,0.5,0.5,0.5,0.0,0.5,0.5,0.5,0.5,0.5,0.5,0.5,0.5,0.5,1.0,0.5,0.5,0.5
115,1.0,0.5,1.0,1.0,1.0,1.0,1.0,1.0,1.0,1.0,1.0,1.0,0.5,1.0,1.0,1.0,1.0,0.5,1.0,1.0,1.0,1.0,0.5,1.0,1.0,1.0,1.0,1.0,1.0,1.0,1.0,1.0
116,0.5,0.0,1.0,0.0,1.0,0.0,1.0,0.0,0.0,1.0,1.0,0.5,0.0,1.0,1.0,0.5,0.5,0.0,0.5,1.0,0.5,1.0,0.5,1.0,0.0,0.5,1.0,0.5,0.5,1.0,0.5,0.0
117,0.5,1.0,1.0,0.5,1.0,1.0,1.0,0.5,1.0,1.0,1.0,1.0,1.0,1.0,1.0,1.0,1.0,1.0,1.0,1.0,1.0,0.5,0.5,1.0,0.5,1.0,0.5,1.0,1.0,1.0,1.0,0.0
118,1.0,0.0,0.5,0.5,1.0,0.5,1.0,1.0,0.0,1.0,0.5,0.5,1.0,1.0,1.0,1.0,0.5,0.5,1.0,1.0,0.5,0.5,0.0,1.0,0.5,0.5,0.0,0.5,0.0,1.0,0.5,0.5
119,0.0,0.0,0.0,0.5,0.0,0.5,1.0,0.5,0.5,1.0,0.5,1.0,0.0,0.0,1.0,1.0,0.5,0.5,0.5,1.0,0.5,0.0,0.0,0.5,0.0,1.0,1.0,0.5,0.0,0.5,1.0,0.0
120,0.5,0.0,1.0,0.5,1.0,0.5,1.0,0.0,0.0,1.0,1.0,0.0,0.5,1.0,0.0,1.0,0.0,0.0,0.5,1.0,0.5,0.0,0.0,0.5,0.5,1.0,1.0,0.0,0.0,1.0,0.5,0.5
121,0.5,0.5,0.5,0.5,0.5,0.5,0.5,0.5,0.5,1.0,1.0,0.5,0.5,0.5,0.5,0.5,0.5,0.5,0.5,0.5,0.5,0.5,0.5,0.5,0.5,0.5,0.5,0.5,0.0,1.0,0.5,0.5
122,0.5,0.5,0.5,0.5,0.5,1.0,0.5,0.5,0.5,0.5,1.0,0.5,0.5,0.5,1.0,0.5,0.5,0.5,0.5,0.5,0.5,0.5,0.5,0.5,0.5,0.5,0.5,0.5,1.0,0.5,0.5,0.0
123,0.5,0.0,1.0,0.5,1.0,1.0,1.0,1.0,0.5,1.0,0.5,0.0,0.0,1.0,1.0,1.0,1.0,0.5,1.0,0.5,0.5,1.0,0.0,1.0,0.5,0.0,0.0,1.0,0.0,0.5,1.0,0.0
124,0.5,0.5,0.5,0.5,0.5,0.5,0.5,0.5,0.5,1.0,0.5,0.5,0.5,0.5,1.0,0.5,0.5,0.5,0.5,0.5,0.5,0.5,0.0,0.5,0.5,0.5,0.5,0.5,0.5,1.0,0.5,0.5
125,1.0,0.5,1.0,0.5,0.5,1.0,0.5,0.5,0.5,0.5,1.0,0.5,0.0,0.5,1.0,0.5,0.5,0.5,1.0,1.0,0.5,1.0,0.5,0.5,0.5,1.0,1.0,0.5,0.5,1.0,0.5,0.0
126,1.0,0.5,1.0,0.5,0.5,1.0,0.5,0.5,0.5,1.0,1.0,1.0,0.5,0.5,1.0,0.5,0.5,0.5,1.0,1.0,0.5,0.5,0.5,0.5,0.5,1.0,1.0,0.5,1.0,1.0,0.5,0.5
127,1.0,0.0,1.0,1.0,0.0,0.5,0.0,0.5,0.5,1.0,1.0,1.0,0.5,0.0,1.0,1.0,0.0,0.0,0.0,0.0,1.0,0.0,0.0,0.0,1.0,1.0,1.0,0.0,0.5,0.0,0.0,0.0
128,1.0,0.0,1.0,0.0,0.5,0.5,1.0,0.5,0.5,0.5,0.5,0.5,0.0,1.0,1.0,0.0,1.0,0.5,1.0,0.5,0.0,1.0,0.0,0.5,0.0,1.0,1.0,1.0,0.5,0.5,1.0,0.5
129,0.0,0.0,0.0,0.0,0.0,0.0,0.0,0.0,0.0,0.0,0.0,0.0,0.0,0.0,0.0,0.0,0.0,0.0,0.0,0.0,0.0,0.0,0.0,0.0,0.0,0.0,0.0,0.0,0.0,0.0,0.0,0.0
130,0.5,0.5,0.5,0.0,0.5,0.5,0.5,0.5,0.5,1.0,0.0,0.0,0.0,0.5,1.0,0.5,0.5,0.0,0.5,0.5,0.5,0.5,0.5,0.5,0.5,1.0,1.0,0.5,0.5,1.0,0.5,1.0
131,0.5,0.5,0.5,0.5,0.5,0.5,0.5,0.5,0.5,0.5,0.5,0.5,0.5,0.5,1.0,1.0,0.5,0.5,0.5,0.5,0.5,0.5,0.5,0.5,0.5,0.5,0.5,0.5,0.5,0.0,0.0,0.5
132,1.0,1.0,1.0,1.0,1.0,1.0,1.0,1.0,1.0,1.0,1.0,1.0,1.0,1.0,1.0,1.0,1.0,1.0,1.0,1.0,1.0,1.0,1.0,1.0,1.0,1.0,1.0,1.0,1.0,1.0,1.0,1.0
133,1.0,1.0,0.5,0.5,1.0,0.5,1.0,0.5,0.5,1.0,1.0,0.5,0.5,0.5,1.0,1.0,0.5,0.5,1.0,1.0,1.0,1.0,0.5,1.0,1.0,0.5,0.5,0.5,0.5,1.0,0.5,0.5
134,0.5,0.0,0.5,0.5,0.0,0.5,0.5,0.5,0.5,1.0,1.0,1.0,0.5,0.0,0.0,0.5,1.0,0.5,0.0,1.0,0.5,0.0,0.0,0.0,0.0,1.0,1.0,0.5,0.5,1.0,0.5,0.0
135,0.0,1.0,1.0,1.0,0.5,1.0,0.5,0.5,0.0,1.0,1.0,0.5,0.0,1.0,1.0,0.5,0.5,0.5,1.0,1.0,0.5,1.0,0.5,0.5,1.0,1.0,1.0,1.0,0.5,0.0,0.5,0.5
136,1.0,0.5,1.0,0.5,1.0,1.0,1.0,1.0,0.5,1.0,1.0,0.5,0.0,1.0,1.0,1.0,1.0,0.5,1.0,0.5,1.0,1.0,0.5,1.0,1.0,0.5,0.5,1.0,0.5,1.0,1.0,0.5
137,0.5,0.5,1.0,0.5,1.0,0.5,1.0,0.5,0.5,1.0,0.5,0.5,0.5,0.5,0.0,1.0,1.0,0.5,0.0,0.5,1.0,0.5,0.0,1.0,0.5,1.0,1.0,1.0,0.0,0.5,1.0,0.0
138,0.5,0.5,0.5,0.5,0.5,0.5,0.5,0.5,0.0,0.5,0.5,0.5,0.5,0.5,0.5,0.5,0.5,0.5,0.5,0.5,0.5,0.5,1.0,0.5,0.5,0.5,0.5,0.5,0.5,0.5,0.5,0.5
139,1.0,1.0,1.0,1.0,1.0,1.0,1.0,1.0,1.0,1.0,1.0,1.0,1.0,1.0,1.0,0.5,1.0,1.0,1.0,1.0,1.0,1.0,1.0,1.0,1.0,1.0,1.0,1.0,1.0,1.0,1.0,0.5
140,0.5,0.5,1.0,0.0,0.5,0.5,1.0,0.5,0.0,1.0,0.5,0.5,0.0,0.5,1.0,0.5,0.5,0.5,0.5,0.5,0.0,0.5,0.5,0.5,1.0,1.0,0.5,1.0,0.5,0.5,1.0,0.5
141,0.5,0.0,0.5,0.0,0.5,0.5,0.5,0.5,0.0,0.5,0.5,0.0,0.0,0.5,0.5,0.5,0.5,0.0,0.5,0.0,0.5,0.0,0.0,0.0,0.0,0.0,0.0,0.5,0.0,0.0,0.5,0.0
142,0.0,0.0,0.0,0.5,0.5,0.5,1.0,0.5,0.5,1.0,0.5,0.0,0.0,0.5,0.0,0.0,0.0,0.5,0.0,0.0,0.0,0.0,0.0,0.0,0.0,0.5,0.5,0.0,0.0,0.5,0.0,0.0
143,1.0,1.0,0.5,1.0,1.0,1.0,1.0,1.0,0.0,1.0,1.0,0.5,0.0,1.0,1.0,1.0,1.0,0.0,1.0,0.0,1.0,1.0,1.0,1.0,1.0,0.0,0.5,1.0,0.0,1.0,1.0,0.5
144,1.0,1.0,0.5,0.5,0.5,0.5,1.0,0.5,0.0,0.5,0.5,0.0,0.5,0.0,0.0,1.0,0.0,0.0,1.0,0.0,0.0,1.0,1.0,0.0,0.5,1.0,0.5,1.0,1.0,0.0,0.0,0.0
145,0.0,0.0,0.0,0.5,0.0,1.0,0.5,0.5,0.5,1.0,0.5,0.5,0.5,0.0,1.0,0.5,0.5,0.5,0.0,0.0,0.0,0.0,0.0,0.0,0.5,0.5,1.0,0.0,0.5,1.0,0.0,0.5
146,0.5,0.5,0.0,0.5,0.5,0.5,0.5,0.5,0.5,0.5,0.5,0.5,0.5,0.5,0.5,0.5,0.5,0.5,0.5,0.5,0.5,0.0,0.5,0.5,0.5,0.5,0.5,0.5,0.5,0.5,0.0,0.5
147,1.0,1.0,1.0,1.0,1.0,1.0,1.0,1.0,1.0,1.0,1.0,1.0,1.0,1.0,1.0,1.0,1.0,1.0,1.0,1.0,1.0,1.0,1.0,1.0,1.0,1.0,1.0,1.0,1.0,1.0,1.0,1.0
148,0.0,0.0,1.0,1.0,1.0,0.0,1.0,0.5,0.5,1.0,0.5,0.0,0.0,1.0,1.0,0.5,0.5,0.0,0.5,0.5,0.5,1.0,0.5,0.5,0.5,0.5,0.0,0.5,0.0,0.5,1.0,0.0
149,0.5,1.0,1.0,0.0,0.0,0.0,0.0,0.5,0.0,0.5,0.0,1.0,0.0,0.0,1.0,1.0,0.0,0.0,0.5,0.5,1.0,0.0,0.0,0.5,0.0,1.0,1.0,0.5,1.0,1.0,0.0,0.0
150,1.0,1.0,1.0,1.0,1.0,0.5,0.0,0.5,0.5,1.0,1.0,1.0,0.0,1.0,1.0,1.0,1.0,0.5,1.0,1.0,1.0,1.0,0.5,1.0,1.0,1.0,1.0,1.0,1.0,1.0,0.5,1.0
151,0.0,1.0,0.5,0.0,0.5,1.0,0.5,1.0,1.0,0.5,1.0,0.5,1.0,0.0,1.0,0.5,0.0,1.0,0.0,0.0,0.5,0.0,1.0,0.0,0.0,1.0,1.0,0.0,1.0,1.0,0.0,0.0
152,1.0,0.0,0.0,0.0,0.5,0.0,1.0,0.0,0.0,1.0,0.0,0.0,0.0,0.5,1.0,1.0,0.5,0.0,1.0,1.0,0.5,0.5,0.0,0.0,0.0,1.0,1.0,0.0,0.0,0.0,0.0,0.0
153,0.0,0.0,0.0,0.5,0.0,0.0,0.5,0.0,0.0,0.5,0.0,0.0,0.0,0.5,0.0,0.0,0.0,0.0,0.0,0.0,0.0,0.0,0.0,0.0,0.0,0.0,0.0,0.0,0.0,0.0,0.0,0.0
154,0.5,0.0,1.0,0.5,0.5,1.0,1.0,1.0,1.0,1.0,1.0,0.5,1.0,0.5,1.0,0.5,0.0,0.5,0.0,0.0,0.0,0.0,0.0,0.0,0.0,1.0,1.0,0.0,0.5,1.0,0.0,0.5
155,1.0,0.5,0.5,0.0,0.5,0.0,0.5,0.0,0.0,0.0,0.5,0.0,0.0,0.5,1.0,1.0,0.5,0.0,0.0,0.5,1.0,0.5,0.0,0.5,0.0,0.0,0.5,1.0,0.0,0.0,1.0,0.5
156,1.0,0.5,0.5,0.5,0.5,1.0,1.0,0.5,0.5,1.0,1.0,0.5,0.5,0.5,1.0,0.5,0.5,0.5,0.5,0.5,0.5,1.0,1.0,0.5,0.5,1.0,0.5,0.5,0.5,0.5,0.5,0.5
157,0.5,0.5,0.5,0.5,0.5,0.5,0.5,0.5,0.5,1.0,0.5,0.5,0.5,0.5,0.5,0.5,0.5,0.5,0.5,0.5,0.5,0.5,0.5,0.5,0.5,0.5,0.5,0.5,0.5,0.5,0.5,0.0
158,0.5,0.5,0.5,0.5,0.5,0.5,0.5,1.0,1.0,0.5,0.5,0.5,1.0,0.5,0.5,0.5,0.5,1.0,0.5,0.5,0.5,0.5,1.0,0.5,0.5,0.5,1.0,0.5,0.5,1.0,0.5,0.0
159,1.0,1.0,1.0,1.0,1.0,1.0,1.0,1.0,1.0,1.0,1.0,1.0,1.0,1.0,1.0,0.5,0.5,0.5,1.0,1.0,0.5,0.5,0.0,1.0,1.0,1.0,1.0,1.0,1.0,1.0,1.0,1.0
160,0.5,0.5,0.5,0.5,0.5,0.5,0.5,0.5,0.5,0.5,0.5,0.5,0.5,0.5,0.0,0.5,0.5,0.5,0.5,0.5,0.5,0.5,1.0,0.5,0.5,1.0,0.5,0.5,0.5,0.5,0.5,0.5
161,0.5,1.0,1.0,1.0,1.0,1.0,1.0,1.0,1.0,1.0,1.0,1.0,1.0,1.0,1.0,1.0,1.0,1.0,1.0,1.0,0.5,1.0,1.0,1.0,1.0,1.0,1.0,1.0,1.0,1.0,0.5,1.0
162,1.0,1.0,1.0,1.0,0.5,1.0,1.0,0.5,0.5,1.0,1.0,1.0,0.0,0.5,1.0,0.5,1.0,0.0,0.5,0.5,0.5,0.5,1.0,1.0,1.0,1.0,1.0,1.0,0.5,0.5,0.5,0.5
163,0.5,0.0,0.5,0.0,0.5,0.5,0.5,0.5,0.0,0.5,0.5,0.5,0.5,0.0,1.0,0.5,0.0,0.0,0.5,0.5,0.5,0.0,0.0,0.0,0.0,0.0,0.5,0.0,0.0,0.5,0.0,0.5
164,1.0,0.5,1.0,0.5,1.0,1.0,1.0,1.0,1.0,1.0,1.0,1.0,0.5,1.0,1.0,1.0,1.0,0.5,1.0,1.0,1.0,1.0,1.0,1.0,0.5,1.0,1.0,1.0,0.5,1.0,1.0,1.0
165,1.0,1.0,1.0,1.0,1.0,1.0,1.0,1.0,1.0,1.0,1.0,1.0,0.5,1.0,1.0,1.0,1.0,1.0,1.0,1.0,1.0,1.0,1.0,1.0,1.0,1.0,1.0,1.0,1.0,1.0,1.0,1.0
166,0.5,0.5,0.5,0.5,0.0,0.5,0.5,0.5,0.5,0.5,0.5,0.0,0.0,0.5,1.0,0.5,0.5,0.5,0.0,0.5,0.5,0.0,0.5,0.5,0.5,0.5,0.5,0.5,0.5,0.5,0.5,0.5
167,0.5,0.0,1.0,0.5,0.0,0.0,0.5,0.0,0.0,0.5,0.5,0.0,0.0,0.5,0.5,0.5,0.0,0.0,0.0,0.0,0.5,0.0,0.0,0.5,0.0,0.5,1.0,0.0,0.5,0.0,0.5,0.0
168,0.5,0.5,1.0,0.5,0.5,0.0,1.0,0.5,0.0,1.0,1.0,0.0,0.0,0.5,0.0,0.0,0.5,0.0,0.5,1.0,0.0,0.0,0.0,0.0,0.0,0.5,1.0,0.5,0.0,0.0,0.0,0.0
169,1.0,0.5,1.0,0.0,1.0,0.5,1.0,0.0,0.5,0.0,0.0,1.0,0.5,1.0,1.0,1.0,1.0,0.0,1.0,0.5,1.0,1.0,1.0,0.5,0.0,1.0,0.5,1.0,0.0,1.0,1.0,0.0
170,0.5,0.5,0.5,0.5,0.5,0.5,0.5,0.5,0.5,0.5,0.5,0.5,0.0,0.5,1.0,0.5,0.5,0.5,0.5,0.5,0.5,0.5,0.5,0.5,0.5,0.5,0.5,0.5,0.5,1.0,0.5,0.0
171,0.0,1.0,0.5,0.5,0.5,0.5,0.5,0.5,0.5,0.5,0.5,0.0,0.0,0.5,1.0,0.0,0.5,0.0,0.0,1.0,0.0,0.5,0.0,0.0,0.5,0.0,0.5,1.0,0.5,1.0,0.0,0.5
172,1.0,0.0,1.0,0.5,1.0,1.0,1.0,1.0,1.0,1.0,0.5,0.5,0.0,0.5,1.0,1.0,0.5,1.0,1.0,1.0,1.0,1.0,0.0,0.5,0.5,1.0,1.0,1.0,0.5,1.0,1.0,0.0
173,0.0,0.0,1.0,0.5,1.0,0.0,1.0,0.0,0.0,1.0,0.0,0.5,0.0,1.0,1.0,1.0,0.0,0.0,0.5,0.0,1.0,0.0,0.0,0.5,0.0,0.5,0.5,0.5,0.0,0.0,0.5,0.0
174,1.0,1.0,1.0,1.0,1.0,1.0,1.0,1.0,1.0,1.0,1.0,1.0,0.5,1.0,1.0,1.0,1.0,1.0,0.5,1.0,1.0,0.5,0.5,1.0,1.0,1.0,1.0,1.0,1.0,1.0,1.0,1.0
175,0.5,1.0,1.0,0.5,0.5,0.5,1.0,0.5,0.5,1.0,1.0,0.0,0.0,1.0,1.0,0.5,0.0,0.5,1.0,1.0,0.5,0.5,0.5,1.0,0.5,1.0,1.0,0.0,0.5,0.0,0.5,1.0
176,1.0,1.0,1.0,1.0,0.5,1.0,1.0,1.0,1.0,1.0,1.0,1.0,1.0,1.0,1.0,1.0,1.0,1.0,1.0,1.0,1.0,1.0,1.0,1.0,1.0,1.0,1.0,1.0,1.0,1.0,1.0,1.0
177,1.0,0.0,0.5,0.5,0.5,0.0,1.0,0.5,0.5,0.5,0.5,0.5,0.0,1.0,1.0,0.0,0.5,0.0,1.0,0.0,1.0,0.5,0.0,0.0,0.0,0.0,0.0,0.0,0.0,0.5,1.0,0.0
178,1.0,0.0,1.0,0.0,0.0,0.5,0.5,0.0,0.0,0.0,0.0,0.0,0.0,1.0,0.0,0.5,0.0,0.0,0.0,0.0,1.0,0.0,0.0,0.0,0.0,1.0,0.5,0.0,1.0,0.0,1.0,0.5
179,0.5,0.0,0.5,0.5,0.0,0.0,0.5,0.0,0.0,0.5,0.5,0.0,0.0,0.0,0.5,0.0,0.0,0.0,0.0,0.5,0.0,0.0,0.0,0.5,0.5,0.5,0.5,0.0,0.0,0.5,0.5,0.0
180,0.5,0.0,0.5,0.5,0.5,0.5,0.5,0.0,0.0,1.0,0.5,0.5,0.0,0.5,0.0,0.5,0.5,0.0,0.5,0.0,0.0,0.0,0.0,0.5,0.0,0.5,0.5,0.0,0.0,0.5,0.5,0.5
181,0.0,0.0,0.0,0.5,0.0,0.5,0.0,0.5,0.5,0.5,0.5,0.0,0.5,0.0,0.0,0.0,0.0,0.5,0.0,0.0,0.0,0.0,0.0,0.0,0.5,0.0,0.0,0.0,0.0,0.0,0.0,0.5
182,0.5,0.5,1.0,0.5,0.5,0.0,1.0,0.0,0.0,0.5,0.5,0.5,0.0,0.5,0.5,0.0,0.5,0.0,0.0,0.0,0.0,0.5,0.5,0.0,0.0,0.5,0.5,0.5,0.5,0.0,0.5,0.5
183,0.5,0.5,1.0,0.5,0.5,0.5,0.5,0.5,0.5,0.5,0.5,0.5,0.5,0.5,1.0,0.0,0.5,0.5,1.0,0.5,0.0,0.5,0.5,0.0,0.5,0.5,0.5,0.5,0.0,1.0,0.5,0.5
184,0.5,0.0,0.5,0.5,0.5,0.0,0.5,0.5,0.5,1.0,0.5,0.5,0.5,0.5,0.0,0.5,0.5,0.5,0.5,0.0,0.5,0.5,0.0,0.5,0.0,0.5,0.5,0.5,0.0,1.0,0.5,0.5
185,1.0,0.5,1.0,0.0,1.0,0.0,0.5,0.0,0.0,0.0,0.5,0.5,0.0,1.0,1.0,0.0,0.5,0.0,1.0,0.5,0.0,1.0,1.0,0.5,0.0,0.0,0.0,0.5,0.0,1.0,1.0,0.0
186,0.5,0.0,0.5,0.5,0.5,1.0,1.0,1.0,1.0,1.0,1.0,0.5,1.0,1.0,1.0,0.5,0.0,0.5,1.0,0.5,0.5,1.0,0.5,0.5,0.5,1.0,1.0,0.0,1.0,1.0,0.5,0.5
